id,url,final_url,http_status,retrieved_at,sha256,content_type,used_in_analysis,saved_text
amazon-smb,https://sellingpartners.aboutamazon.com/2024-small-business-empowerment-report,https://sellingpartners.aboutamazon.com/2024-small-business-empowerment-report,404,2026-09-19T03:19:45.990444+00:00,59199197d4fedc47d700254181520bd68e55d87965d8b33637d2fdfd24909cd6,text/html;charset=UTF-8,False,web/amazon-smb.txt
amvo-estudios,https://amvo.org.mx/estudios/,https://amvo.org.mx/estudios,200,2026-09-19T03:19:44.820279+00:00,e11f495d98eb1be7801472771d0107bb954ae2dfdf4a122274150fbd58103c13,text/html; charset=UTF-8,False,web/amvo-estudios.txt
amvo-evo-2026,https://amvo.org.mx/descarga-evo-2026,https://amvo.org.mx/descarga-evo-2026,200,2026-09-19T03:21:00.744987+00:00,fece158679d76259a7366dc0d94b0eeb3424a97598647bc4856789aad5c7318f,text/html; charset=UTF-8,True,web/amvo-evo-2026.txt
bls-customer-service,https://www.bls.gov/ooh/office-and-administrative-support/customer-service-representatives.htm,https://www.bls.gov/ooh/office-and-administrative-support/customer-service-representatives.htm,403,2026-09-19T03:15:05.825938+00:00,a77deafc34c6029b9380d743941cd281bd43a278dc12b0da025ff35c2e06658c,text/html,False,web/bls-customer-service.txt
bls-oes,https://www.bls.gov/oes/2024/may/oes434051.htm,https://www.bls.gov/oes/2024/may/oes434051.htm,403,2026-09-19T03:19:45.750881+00:00,96088fe52a21321e4ef0ae5f8e1e993b84fe61cb6faff72f80f11d80f4ff9ff9,text/html,False,web/bls-oes.txt
branch-home,https://www.branchfurniture.com/,https://www.branchfurniture.com/,200,2026-09-19T03:29:51.207831+00:00,eb604d64571acdec96c942096db56affc0b89d66e16aeb45d9018c804a40ef54,text/html; charset=utf-8,True,web/branch-home.txt
brumate-home,https://www.brumate.com/,https://www.brumate.com/en-mx/,200,2026-09-19T03:29:52.855402+00:00,3ed9946feadbe4681011b336c091eda25f4460b46a9e56aac1077da4e5e49d03,text/html,True,web/brumate-home.txt
burrow-home,https://burrow.com/,https://burrow.com/,200,2026-09-19T03:29:54.988879+00:00,14365f4fc9d6c2550c7c3d4e04f0aeef6b9126e10321bb1835e2c3c0dc5e2a50,text/html,True,web/burrow-home.txt
caraway-about,https://www.carawayhome.com/pages/our-story,https://www.carawayhome.com/en-mx/pages/our-story,200,2026-09-19T03:21:04.467485+00:00,1bbff2468479d8a786a0c51c90862ee6a4b402c5f727e891fe89de789a946bd0,text/html,True,web/caraway-about.txt
census-definitions,https://www.census.gov/programs-surveys/susb/about/glossary.html,https://www.census.gov/programs-surveys/susb/about/glossary.html,200,2026-09-19T03:15:02.860218+00:00,dc223872c435d26140bea32b3282dcb3de46a73635a3a454b5745cd8a9884e88,text/html; charset=UTF-8,True,web/census-definitions.txt
census-ecom-timeseries,https://www.census.gov/retail/mrts/www/data/pdf/ec_current.pdf,https://www.census.gov/retail/mrts/www/data/pdf/ec_current.pdf,200,2026-09-19T03:19:44.690022+00:00,5c643c6c03bedad23602c3bbf30cfe44c904365f3b7d03f0b950a16d9eb67589,application/pdf,True,web/census-ecom-timeseries.txt
census-ecommerce,https://www.census.gov/retail/ecommerce.html,https://www.census.gov/retail/ecommerce.html,200,2026-09-19T03:13:09.306315+00:00,8e27b9907c3dd50bd407b0c23c45c24a6984ab42d259b69d28c3231b2a57fbd5,text/html; charset=utf-8,True,web/census-ecommerce.txt
census-large-receipts-2022,https://www2.census.gov/programs-surveys/susb/tables/2022/us_naicssector_large_rcptsize_2022.xlsx,https://www2.census.gov/programs-surveys/susb/tables/2022/us_naicssector_large_rcptsize_2022.xlsx,200,2026-09-19T03:15:02.440567+00:00,611ee60c1c6b400aadbb8f19e561452ba4af4a71635b69b0f1f4c6eebe387639,application/vnd.openxmlformats-officedocument.spreadsheetml.sheet,False,web/census-large-receipts-2022.txt
census-receipts-2022,https://www2.census.gov/programs-surveys/susb/tables/2022/us_6digitnaics_rcptsize_2022.xlsx,https://www2.census.gov/programs-surveys/susb/tables/2022/us_6digitnaics_rcptsize_2022.xlsx,200,2026-09-19T03:15:13.544512+00:00,f2cf0cfcfee4317d50118baf0507d40492907abe73ccb78f5e76a89b99425264,application/vnd.openxmlformats-officedocument.spreadsheetml.sheet,True,web/census-receipts-2022.txt
census-susb-2022,https://www.census.gov/data/tables/2022/econ/susb/2022-susb-annual.html,https://www.census.gov/data/tables/2022/econ/susb/2022-susb-annual.html,200,2026-09-19T03:13:10.133009+00:00,c94d25fdec806eb24d014b92acfac9297912c3e0d9615ec4f180d038bb68c46c,text/html; charset=UTF-8,True,web/census-susb-2022.txt
census-susb-about,https://www.census.gov/programs-surveys/susb/about.html,https://www.census.gov/programs-surveys/susb/about.html,200,2026-09-19T03:13:11.569387+00:00,b5377e9d0ab40e4cda72d9035a1b3c64567d47923dc7b8942cdb7274142cf452,text/html; charset=UTF-8,False,web/census-susb-about.txt
chattermill-series-b,https://chattermill.com/blog/chattermill-secures-26m-series-b,https://chattermill.com/blog/chattermill-secures-26m-series-b,200,2026-09-19T03:26:17.289404+00:00,5577b419b5b62010260027528fcd83a985d69911f89718b4f41b96296df05a58,text/html; charset=utf-8,True,web/chattermill-series-b.txt
cpsc-recall-duty,https://www.cpsc.gov/Business--Manufacturing/Recall-Guidance/Duty-to-Report-to-the-CPSC-Your-Rights-and-Responsibilities,https://www.cpsc.gov/Business--Manufacturing/Recall-Guidance/Duty-to-Report-to-the-CPSC-Your-Rights-and-Responsibilities,403,2026-09-19T03:29:51.589236+00:00,ad1f60c190f385d10b8473bc24688b7a4ed0908edd8c6dc327b3bf0735c32d78,text/html,False,web/cpsc-recall-duty.txt
dreo-about,https://www.dreo.com/pages/about-us,https://www.dreo.com/pages/about-us-dreo,200,2026-09-19T03:21:01.935019+00:00,5b138df92d4f3f763f9d0bcdc68de0affd08e98a68854492aced9fb295546c18,text/html; charset=utf-8,True,web/dreo-about.txt
enterpret-series-a,https://www.enterpret.com/blog/enterpret-series-a,https://www.enterpret.com/blog/enterpret-series-a,200,2026-09-19T03:26:17.190220+00:00,bbc5e25d91190842481f5991698710ea74778f05a94389793dcb41f9289f1ce4,text/html; charset=utf-8,True,web/enterpret-series-a.txt
fellow-about,https://fellowproducts.com/pages/about-us,https://fellowproducts.com/pages/about-us,200,2026-09-19T03:21:03.392496+00:00,44d16345856d9206bb82174ff8dfba6f8fb8713bb8d8ed54cc2c71a3cea57ea3,text/html; charset=utf-8,True,web/fellow-about.txt
fortune-cx,https://www.fortunebusinessinsights.com/customer-experience-management-cxm-market-103002,https://www.fortunebusinessinsights.com/customer-experience-management-cxm-market-103002,403,2026-09-19T03:19:44.180881+00:00,1777b3ac8a66a9f9aec28b6a9702e2168998ea6d5722be1e9d3542bf2c06f9b2,text/html; charset=UTF-8,False,web/fortune-cx.txt
ftc-security,https://www.ftc.gov/business-guidance/resources/start-security-guide-business,https://www.ftc.gov/business-guidance/resources/start-security-guide-business,200,2026-09-19T03:29:56.326929+00:00,070dce28fc38934c05983ad936a9579fbf632610b84dce23e1aae3061975dd51,text/html; charset=UTF-8,True,web/ftc-security.txt
gorgias-plans,https://www.gorgias.com/blog/gorgias-plan,https://www.gorgias.com/blog/gorgias-plan,200,2026-09-19T03:26:18.762797+00:00,852f324303d413edfb89129c819ab5350a52f2fb6ecbc5cea99bf891d7afa4de,text/html; charset=utf-8,True,web/gorgias-plans.txt
gorgias-pricing-2026,https://www.gorgias.com/pricing,https://www.gorgias.com/pricing,200,2026-09-19T03:21:00.578075+00:00,816d32f1343b170dd26fb998d1806787991d9574731619298e3364c981e9c1a9,text/html; charset=utf-8,True,web/gorgias-pricing-2026.txt
gorgias-series-c2,https://www.gorgias.com/blog/series-c2-ai-powered-cx,https://www.gorgias.com/blog/series-c2-ai-powered-cx,200,2026-09-19T03:26:18.913841+00:00,831e700f1c02f2934ff02c97958c1da5f75e0a2d3eae269a4d120100dae934d5,text/html; charset=utf-8,True,web/gorgias-series-c2.txt
grandview-cx,https://www.grandviewresearch.com/industry-analysis/customer-experience-management-market,https://www.grandviewresearch.com/industry-analysis/customer-experience-management-market,403,2026-09-19T03:15:05.940038+00:00,052f66041eaa3f331c5ccc7fc816481e0fe2cca729ef084937003c114c096215,text/html; charset=UTF-8,False,web/grandview-cx.txt
inegi-ce2024,https://www.inegi.org.mx/programas/ce/2024/,https://www.inegi.org.mx/programas/ce/2024/,200,2026-09-19T03:19:44.063347+00:00,576c538e4519ed6b06c17b5fce207d2152b51ec9bf19e0a72b8733bbb3a40831,text/html,False,web/inegi-ce2024.txt
loop-pricing,https://www.loopreturns.com/pricing/,https://www.loopreturns.com/pricing/,200,2026-09-19T03:26:20.673000+00:00,cec22876271f642806a8f8e6c86948240eecf892fbf1cdad7e07ee1c11710944,text/html; charset=utf-8,True,web/loop-pricing.txt
loop-series-b,https://www.loopreturns.com/blog/loop-raises-65m-series-b/,https://www.loopreturns.com/blog/loop-raises-65m-series-b/,200,2026-09-19T03:26:20.241072+00:00,ce4c9258edbd722f71ab962cd810596e37ed2756b1a13915220c1734ad5673aa,text/html; charset=utf-8,True,web/loop-series-b.txt
madein-home,https://madeincookware.com/,https://madeincookware.com/,200,2026-09-19T03:29:50.482814+00:00,1ad890cbf92a5304eea5ca3982f5a169cde790ebe0ae62e4e11389589ad59f51,text/html; charset=utf-8,True,web/madein-home.txt
marketsandmarkets-cx,https://www.marketsandmarkets.com/Market-Reports/customer-experience-management-cem-market-543.html,https://www.marketsandmarkets.com/Market-Reports/customer-experience-management-cem-market-543.html,200,2026-09-19T03:15:06.816699+00:00,e3fcd675aa1b53e8d68a457b52ce62f296e9f0ded3b96f2ad30bb5d0bd30c5c9,text/html; Charset=ISO-8859-1,True,web/marketsandmarkets-cx.txt
medallia-recap,https://www.medallia.com/blog/reinventing-medallia-for-the-ai-era-what-that-means/,https://www.medallia.com/blog/reinventing-medallia-for-the-ai-era-what-that-means/,200,2026-09-19T03:26:20.430966+00:00,d1c305b24b435e34d132ecfd823598a87f41d45febf55c985e1f06386ebf1bed,text/html; charset=UTF-8,True,web/medallia-recap.txt
narvar-series-c,https://www.prnewswire.com/news-releases/narvar-raises-30m-series-c-funding-round-as-global-brands-increase-investment-in-customer-loyalty-and-engagement-300703004.html,https://www.prnewswire.com/news-releases/narvar-raises-30m-series-c-funding-round-as-global-brands-increase-investment-in-customer-loyalty-and-engagement-300703004.html,200,2026-09-19T03:26:20.028038+00:00,f604d4d91e8db9973f62e4fe490c9b725f143e1b74187240faa74a5edabec407,text/html; charset=UTF-8,True,web/narvar-series-c.txt
nrf-2025-release,https://nrf.com/media-center/press-releases/nrf-and-happy-returns-report-2025-retail-returns-expected-to-total-8499-billion,https://nrf.com/media-center/press-releases/nrf-and-happy-returns-report-2025-retail-returns-expected-to-total-8499-billion,404,2026-09-19T03:19:45.168689+00:00,e0c99510d82486f10e801328d6b8e98d2e6546eb774184a60a9651c4622c511a,text/html; charset=utf-8,False,web/nrf-2025-release.txt
nrf-returns-2024,https://nrf.com/media-center/press-releases/nrf-and-happy-returns-report-2024-retail-returns-total-890-billion,https://nrf.com/media-center/press-releases/nrf-and-happy-returns-report-2024-retail-returns-total-890-billion,200,2026-09-19T03:13:10.116201+00:00,02ca5b6aa7b8eb1d444677f75abab73fd2c9059bc5ce0f75816eccdc37af59ef,text/html; charset=utf-8,True,web/nrf-returns-2024.txt
nrf-returns-2025,https://nrf.com/research/2025-retail-returns-landscape,https://nrf.com/research/2025-retail-returns-landscape,200,2026-09-19T03:15:02.450585+00:00,5578d4aca2a309da9c7c836c070755c2f7278d705cbf082c9d0f36a6b437ee90,text/html; charset=utf-8,True,web/nrf-returns-2025.txt
ooni-about,https://ooni.com/pages/about-us,https://ooni.com/pages/about-us,200,2026-09-19T03:21:03.077670+00:00,8830879f3d4af226d85ce9d8cff11c36a6432da9003845b7c8160b10b285b063,text/html; charset=utf-8,True,web/ooni-about.txt
ourplace-about,https://fromourplace.com/pages/about-us,https://fromourplace.com/pages/about-us,404,2026-09-19T03:21:04.862688+00:00,0ba9a70fb246f71982887c59fb34e114a537f28b679a6e72a8c914740bab0706,text/html; charset=utf-8,False,web/ourplace-about.txt
ourplace-home,https://fromourplace.com/,https://fromourplace.com/,200,2026-09-19T03:29:49.569504+00:00,c2cf4d1e797cfe1cd303a08bf978cee9a0707baabc99f41aa356721b16a23d02,text/html; charset=utf-8,True,web/ourplace-home.txt
qualtrics-pressganey,https://www.qualtrics.com/news/qualtrics-acquires-press-ganey-forsta/,https://www.qualtrics.com/news/qualtrics-acquires-press-ganey-forsta/,200,2026-09-19T03:26:18.394104+00:00,05b1b04be98ecd8b0c338250a6b7573a727053977021f2eac91fa9611b5a831d,text/html; charset=UTF-8,True,web/qualtrics-pressganey.txt
ruggable-home,https://ruggable.com/,https://ruggable.com/,200,2026-09-19T03:29:49.812405+00:00,61adfe228289d059192bd3ef70af0a6f9486914d97b3dfeedc51b83a3b000015,text/html; charset=utf-8,True,web/ruggable-home.txt
sba-2024,https://advocacy.sba.gov/2024/11/19/frequently-asked-questions-about-small-business-2024/,https://advocacy.sba.gov/404-not-found/,200,2026-09-19T03:13:13.911512+00:00,b1b84a2b24580870ae22f384ea87892bfbdaf1599229ce6d8d2addd0ecd12330,text/html; charset=UTF-8,False,web/sba-2024.txt
sentisum-pricing,https://www.sentisum.com/pricing,https://www.sentisum.com/pricing,200,2026-09-19T03:26:17.145923+00:00,133219751075c3e52121a3ff739fa32022d87782fb6dc0f167708bbfafe33681,text/html; charset=utf-8,True,web/sentisum-pricing.txt
shopify-financials-2025,https://s27.q4cdn.com/572064924/files/doc_financials/2025/q4/Shopify_Investor_Press_Release_Q4-25_FINAL.pdf,https://s27.q4cdn.com/572064924/files/doc_financials/2025/q4/Shopify_Investor_Press_Release_Q4-25_FINAL.pdf,200,2026-09-19T03:21:02.451980+00:00,f44d19f9b7b2e79ef28be713931bc4db76b6bcb905eb523f0664509c4675a734,application/pdf,True,web/shopify-financials-2025.txt
shopify-results-2025,https://www.shopify.com/news/shopify-q4-2025-financial-results,https://www.shopify.com/news/shopify-q4-2025-financial-results,200,2026-09-19T03:13:10.867279+00:00,a09d5ecd7a16a651357bde4906cb6aa3df0970b18728ce7cf478347a727ec683,text/html; charset=utf-8,True,web/shopify-results-2025.txt
thematic-pricing,https://getthematic.com/product/plan-and-pricing,https://getthematic.com/product/plan-and-pricing,200,2026-09-19T03:26:17.787271+00:00,0124d3685486e51b45d9ecb5bd6266d428d8421a7181b4fa0bb8a06f94973bbc,text/html,True,web/thematic-pricing.txt
unitq-zendesk,https://www.unitq.com/blog/unitq-customer-zendesk-becomes-strategic-unitq-investor/,https://www.unitq.com/blog/unitq-customer-zendesk-becomes-strategic-unitq-investor/,200,2026-09-19T03:26:18.689819+00:00,9ff479453c6e929ac21b52e10edefa43ca724f13ae2c39d85174f4f893894dc4,text/html,True,web/unitq-zendesk.txt
