scenario,month,year,new_accounts_targeted,cumulative_accounts_targeted,meetings_expected,pilots_expected,wins_before_lag,matured_wins,backlog_eom,lost_logos,new_logos,active_logos_eom,recurring_revenue,setup_revenue,recurring_cogs,onboarding_cost,failed_pilot_cost,fixed_opex,extra_marketing,net_cash_flow_before_financing,cash_before_financing,arr_exit
conservador,1,1,0.0000,0.0000,0.0000,0.0000,0.0000,0.0000,0.0000,0.0000,0.0000,0.0000,0.0000,0.0000,0.0000,0.0000,0.0000,8000.0000,1000.0000,-9000.0000,-9000.0000,0.0000
conservador,2,1,0.0000,0.0000,0.0000,0.0000,0.0000,0.0000,0.0000,0.0000,0.0000,0.0000,0.0000,0.0000,0.0000,0.0000,0.0000,8000.0000,1000.0000,-9000.0000,-18000.0000,0.0000
conservador,3,1,25.0000,25.0000,2.0000,0.6000,0.2100,0.0000,0.0000,0.0000,0.0000,0.0000,0.0000,0.0000,0.0000,0.0000,46.8000,8000.0000,1000.0000,-9046.8000,-27046.8000,0.0000
conservador,4,1,25.0000,50.0000,2.0000,0.6000,0.2100,0.0000,0.0000,0.0000,0.0000,0.0000,0.0000,0.0000,0.0000,0.0000,46.8000,8000.0000,1000.0000,-9046.8000,-36093.6000,0.0000
conservador,5,1,25.0000,75.0000,2.0000,0.6000,0.2100,0.0000,0.0000,0.0000,0.0000,0.0000,0.0000,0.0000,0.0000,0.0000,46.8000,8000.0000,1000.0000,-9046.8000,-45140.4000,0.0000
conservador,6,1,25.0000,100.0000,2.0000,0.6000,0.2100,0.2100,0.0000,0.0000,0.2100,0.2100,83.8950,0.0000,25.8723,100.8000,46.8000,8000.0000,1000.0000,-9089.5773,-54229.9773,2013.4800
conservador,7,1,25.0000,125.0000,2.0000,0.6000,0.2100,0.2100,0.0000,0.0042,0.2100,0.4158,248.3292,0.0000,76.5819,100.8000,46.8000,8000.0000,1000.0000,-8975.8527,-63205.8300,3986.6904
conservador,8,1,25.0000,150.0000,2.0000,0.6000,0.2100,0.2100,0.0000,0.0083,0.2100,0.6175,409.4747,0.0000,126.2773,100.8000,46.8000,8000.0000,1000.0000,-8864.4026,-72070.2326,5920.4366
conservador,9,1,25.0000,175.0000,2.0000,0.6000,0.2100,0.2100,0.0000,0.0123,0.2100,0.8151,567.3973,0.0000,174.9789,100.8000,46.8000,8000.0000,1000.0000,-8755.1816,-80825.4141,7815.5079
conservador,10,1,25.0000,200.0000,2.0000,0.6000,0.2100,0.2100,0.0000,0.0163,0.2100,1.0088,722.1615,0.0000,222.7064,100.8000,46.8000,8000.0000,1000.0000,-8648.1449,-89473.5590,9672.6777
conservador,11,1,25.0000,225.0000,2.0000,0.6000,0.2100,0.2100,0.0000,0.0202,0.2100,1.1987,873.8303,0.0000,269.4793,100.8000,46.8000,8000.0000,1000.0000,-8543.2490,-98016.8080,11492.7041
conservador,12,1,25.0000,250.0000,2.0000,0.6000,0.2100,0.2100,0.0000,0.0240,0.2100,1.3847,1022.4658,0.0000,315.3168,100.8000,46.8000,8000.0000,1000.0000,-8440.4510,-106457.2590,13276.3301
conservador,13,2,45.0000,295.0000,3.6000,1.0800,0.3780,0.2100,0.0000,0.0277,0.2100,1.5670,1168.1286,0.0000,360.2376,100.8000,84.2400,10000.0000,1000.0000,-10377.1489,-116834.4079,15024.2835
conservador,14,2,45.0000,340.0000,3.6000,1.0800,0.3780,0.2100,0.0000,0.0313,0.2100,1.7456,1310.8781,0.0000,404.2599,100.8000,84.2400,10000.0000,1000.0000,-10278.4217,-127112.8297,16737.2778
conservador,15,2,45.0000,385.0000,3.6000,1.0800,0.3780,0.2100,0.0000,0.0349,0.2100,1.9207,1450.7727,0.0000,447.4018,100.8000,84.2400,10000.0000,1000.0000,-10181.6691,-137294.4988,18416.0122
conservador,16,2,45.0000,430.0000,3.6000,1.0800,0.3780,0.3780,0.0000,0.0384,0.3780,2.2603,1654.9853,0.0000,510.3786,181.4400,84.2400,10000.0000,1000.0000,-10121.0733,-147415.5721,21671.9560
conservador,17,2,45.0000,475.0000,3.6000,1.0800,0.3780,0.3780,0.0000,0.0452,0.3780,2.5931,1920.8874,0.0000,592.3798,181.4400,84.2400,10000.0000,1000.0000,-9937.1724,-157352.7444,24862.7809
conservador,18,2,45.0000,520.0000,3.6000,1.0800,0.3780,0.3780,0.0000,0.0519,0.3780,2.9193,2181.4714,0.0000,672.7409,181.4400,84.2400,10000.0000,1000.0000,-9756.9495,-167109.6940,27989.7893
conservador,19,2,45.0000,565.0000,3.6000,1.0800,0.3780,0.3780,0.0000,0.0584,0.3780,3.2389,2436.8438,0.0000,751.4949,181.4400,84.2400,10000.0000,1000.0000,-9580.3311,-176690.0250,31054.2575
conservador,20,2,45.0000,610.0000,3.6000,1.0800,0.3780,0.3780,0.0000,0.0648,0.3780,3.5521,2687.1087,0.0000,828.6737,181.4400,84.2400,10000.0000,1000.0000,-9407.2450,-186097.2701,34057.4363
conservador,21,2,45.0000,655.0000,3.6000,1.0800,0.3780,0.3780,0.0000,0.0710,0.3780,3.8590,2932.3683,0.0000,904.3090,181.4400,84.2400,10000.0000,1000.0000,-9237.6207,-195334.8907,37000.5516
conservador,22,2,45.0000,700.0000,3.6000,1.0800,0.3780,0.3780,0.0000,0.0772,0.3780,4.1599,3172.7227,0.0000,978.4316,181.4400,84.2400,10000.0000,1000.0000,-9071.3888,-204406.2796,39884.8046
conservador,23,2,45.0000,745.0000,3.6000,1.0800,0.3780,0.3780,0.0000,0.0832,0.3780,4.4547,3408.2700,0.0000,1051.0717,181.4400,84.2400,10000.0000,1000.0000,-8908.4816,-213314.7612,42711.3725
conservador,24,2,45.0000,790.0000,3.6000,1.0800,0.3780,0.3780,0.0000,0.0891,0.3780,4.7436,3639.1064,0.0000,1122.2590,181.4400,84.2400,10000.0000,1000.0000,-8748.8326,-222063.5938,45481.4090
conservador,25,3,65.0000,855.0000,5.2000,1.5600,0.5460,0.3780,0.0000,0.0949,0.3780,5.0267,3865.3261,0.0000,1192.0225,181.4400,121.6800,12000.0000,1000.0000,-10629.8165,-232693.4102,48196.0448
conservador,26,3,65.0000,920.0000,5.2000,1.5600,0.5460,0.3780,0.0000,0.1005,0.3780,5.3042,4087.0213,0.0000,1260.3908,181.4400,121.6800,12000.0000,1000.0000,-10476.4895,-243169.8997,50856.3879
conservador,27,3,65.0000,985.0000,5.2000,1.5600,0.5460,0.3780,0.0000,0.1061,0.3780,5.5761,4304.2827,0.0000,1327.3918,181.4400,121.6800,12000.0000,1000.0000,-10326.2291,-253496.1288,53463.5242
conservador,28,3,65.0000,1050.0000,5.2000,1.5600,0.5460,0.5460,0.0000,0.1115,0.5460,6.0106,4584.3148,0.0000,1413.7505,262.0800,121.6800,12000.0000,1000.0000,-10213.1957,-263709.3245,57629.3017
conservador,29,3,65.0000,1115.0000,5.2000,1.5600,0.5460,0.5460,0.0000,0.1202,0.5460,6.4364,4924.5200,0.0000,1518.6659,262.0800,121.6800,12000.0000,1000.0000,-9977.9059,-273687.2304,61711.7637
conservador,30,3,65.0000,1180.0000,5.2000,1.5600,0.5460,0.5460,0.0000,0.1287,0.5460,6.8536,5257.9210,0.0000,1621.4830,262.0800,121.6800,12000.0000,1000.0000,-9747.3219,-283434.5523,65712.5764
conservador,31,3,65.0000,1245.0000,5.2000,1.5600,0.5460,0.5460,0.0000,0.1371,0.5460,7.2626,5584.6541,0.0000,1722.2437,262.0800,121.6800,12000.0000,1000.0000,-9521.3496,-292955.9019,69633.3729
conservador,32,3,65.0000,1310.0000,5.2000,1.5600,0.5460,0.5460,0.0000,0.1453,0.5460,7.6633,5904.8525,0.0000,1820.9892,262.0800,121.6800,12000.0000,1000.0000,-9299.8968,-302255.7987,73475.7534
conservador,33,3,65.0000,1375.0000,5.2000,1.5600,0.5460,0.5460,0.0000,0.1533,0.5460,8.0560,6218.6469,0.0000,1917.7599,262.0800,121.6800,12000.0000,1000.0000,-9082.8730,-311338.6717,77241.2863
conservador,34,3,65.0000,1440.0000,5.2000,1.5600,0.5460,0.5460,0.0000,0.1611,0.5460,8.4409,6526.1654,0.0000,2012.5951,262.0800,121.6800,12000.0000,1000.0000,-8870.1897,-320208.8614,80931.5086
conservador,35,3,65.0000,1505.0000,5.2000,1.5600,0.5460,0.5460,0.0000,0.1688,0.5460,8.8181,6827.5335,0.0000,2105.5336,262.0800,121.6800,12000.0000,1000.0000,-8661.7600,-328870.6215,84547.9264
conservador,36,3,65.0000,1570.0000,5.2000,1.5600,0.5460,0.5460,0.0000,0.1764,0.5460,9.1877,7122.8743,0.0000,2196.6133,262.0800,121.6800,12000.0000,1000.0000,-8457.4990,-337328.1205,88092.0159
base,1,1,0.0000,0.0000,0.0000,0.0000,0.0000,0.0000,0.0000,0.0000,0.0000,0.0000,0.0000,0.0000,0.0000,0.0000,0.0000,14000.0000,1000.0000,-15000.0000,-15000.0000,0.0000
base,2,1,0.0000,0.0000,0.0000,0.0000,0.0000,0.0000,0.0000,0.0000,0.0000,0.0000,0.0000,0.0000,0.0000,0.0000,0.0000,14000.0000,1000.0000,-15000.0000,-30000.0000,0.0000
base,3,1,50.0000,50.0000,6.0000,2.1000,1.0500,0.0000,0.0000,0.0000,0.0000,0.0000,0.0000,0.0000,0.0000,0.0000,126.0000,14000.0000,1000.0000,-15126.0000,-45126.0000,0.0000
base,4,1,50.0000,100.0000,6.0000,2.1000,1.0500,0.0000,0.0000,0.0000,0.0000,0.0000,0.0000,0.0000,0.0000,0.0000,126.0000,14000.0000,1000.0000,-15126.0000,-60252.0000,0.0000
base,5,1,50.0000,150.0000,6.0000,2.1000,1.0500,1.0500,0.0000,0.0000,1.0500,1.0500,786.9750,0.0000,142.2238,504.0000,126.0000,14000.0000,1000.0000,-14985.2488,-75237.2488,18887.4000
base,6,1,50.0000,200.0000,6.0000,2.1000,1.0500,1.0500,0.0000,0.0105,1.0500,2.0895,2345.1855,0.0000,423.8270,504.0000,126.0000,14000.0000,1000.0000,-13708.6415,-88945.8903,37585.9260
base,7,1,50.0000,250.0000,6.0000,2.1000,1.0500,1.0500,0.0000,0.0209,1.0500,3.1186,3887.8139,0.0000,702.6141,504.0000,126.0000,14000.0000,1000.0000,-12444.8002,-101390.6905,56097.4667
base,8,1,50.0000,300.0000,6.0000,2.1000,1.0500,1.0500,0.0000,0.0312,1.0500,4.1374,5415.0160,0.0000,978.6133,504.0000,126.0000,14000.0000,1000.0000,-11193.5973,-112584.2878,74423.8921
base,9,1,50.0000,350.0000,6.0000,2.1000,1.0500,1.0500,0.0000,0.0414,1.0500,5.1460,6926.9461,0.0000,1251.8526,504.0000,126.0000,14000.0000,1000.0000,-9954.9065,-122539.1943,92567.0532
base,10,1,50.0000,400.0000,6.0000,2.1000,1.0500,1.0500,0.0000,0.0515,1.0500,6.1446,8423.7569,0.0000,1522.3594,504.0000,126.0000,14000.0000,1000.0000,-8728.6026,-131267.7968,110528.7826
base,11,1,50.0000,450.0000,6.0000,2.1000,1.0500,1.0500,0.0000,0.0614,1.0500,7.1331,9905.5996,0.0000,1790.1612,504.0000,126.0000,14000.0000,1000.0000,-7514.5617,-138782.3585,128310.8948
base,12,1,50.0000,500.0000,6.0000,2.1000,1.0500,1.0500,0.0000,0.0713,1.0500,8.1118,11372.6238,0.0000,2055.2850,504.0000,126.0000,14000.0000,1000.0000,-6312.6612,-145095.0197,145915.1858
base,13,2,100.0000,600.0000,12.0000,4.2000,2.1000,1.0500,0.0000,0.0811,1.0500,9.0807,12824.9778,0.0000,2317.7575,504.0000,252.0000,18000.0000,1000.0000,-9248.7797,-154343.7994,163343.4340
base,14,2,100.0000,700.0000,12.0000,4.2000,2.1000,1.0500,0.0000,0.0908,1.0500,10.0399,14262.8083,0.0000,2577.6054,504.0000,252.0000,18000.0000,1000.0000,-8070.7971,-162414.5964,180597.3996
base,15,2,100.0000,800.0000,12.0000,4.2000,2.1000,2.1000,0.0000,0.1004,2.1000,12.0395,16473.2355,0.0000,2977.0785,1008.0000,252.0000,18000.0000,1000.0000,-6763.8430,-169178.4395,216566.2257
base,16,2,100.0000,900.0000,12.0000,4.2000,2.1000,2.1000,0.0000,0.1204,2.1000,14.0191,19440.6636,0.0000,3513.3585,1008.0000,252.0000,18000.0000,1000.0000,-4332.6949,-173511.1343,252175.3634
base,17,2,100.0000,1000.0000,12.0000,4.2000,2.1000,2.1000,0.0000,0.1402,2.1000,15.9789,22378.4175,0.0000,4044.2757,1008.0000,252.0000,18000.0000,1000.0000,-1925.8582,-175436.9925,287428.4098
base,18,2,100.0000,1100.0000,12.0000,4.2000,2.1000,2.1000,0.0000,0.1598,2.1000,17.9191,25286.7938,0.0000,4569.8837,1008.0000,252.0000,18000.0000,1000.0000,456.9101,-174980.0824,322328.9257
base,19,2,100.0000,1200.0000,12.0000,4.2000,2.1000,2.1000,0.0000,0.1792,2.1000,19.8399,28166.0864,0.0000,5090.2356,1008.0000,252.0000,18000.0000,1000.0000,2815.8507,-172164.2317,356880.4364
base,20,2,100.0000,1300.0000,12.0000,4.2000,2.1000,2.1000,0.0000,0.1984,2.1000,21.7415,31016.5860,0.0000,5605.3840,1008.0000,252.0000,18000.0000,1000.0000,5151.2020,-167013.0297,391086.4320
base,21,2,100.0000,1400.0000,12.0000,4.2000,2.1000,2.1000,0.0000,0.2174,2.1000,23.6241,33838.5806,0.0000,6115.3810,1008.0000,252.0000,18000.0000,1000.0000,7463.1997,-159549.8301,424950.3677
base,22,2,100.0000,1500.0000,12.0000,4.2000,2.1000,2.1000,0.0000,0.2362,2.1000,25.4879,36632.3553,0.0000,6620.2779,1008.0000,252.0000,18000.0000,1000.0000,9752.0774,-149797.7527,458475.6640
base,23,2,100.0000,1600.0000,12.0000,4.2000,2.1000,2.1000,0.0000,0.2549,2.1000,27.3330,39398.1923,0.0000,7120.1259,1008.0000,252.0000,18000.0000,1000.0000,12018.0663,-137779.6863,491665.7074
base,24,2,100.0000,1700.0000,12.0000,4.2000,2.1000,2.1000,0.0000,0.2733,2.1000,29.1597,42136.3709,0.0000,7614.9755,1008.0000,252.0000,18000.0000,1000.0000,14261.3954,-123518.2909,524523.8503
base,25,3,160.0000,1860.0000,19.2000,6.7200,3.3600,2.1000,0.0000,0.2916,2.1000,30.9681,44847.1677,0.0000,8104.8765,1008.0000,403.2000,25000.0000,1000.0000,9331.0912,-114187.1997,557053.4118
base,26,3,160.0000,2020.0000,19.2000,6.7200,3.3600,2.1000,0.0000,0.3097,2.1000,32.7584,47530.8565,0.0000,8589.8785,1008.0000,403.2000,25000.0000,1000.0000,11529.7780,-102657.4218,589257.6777
base,27,3,160.0000,2180.0000,19.2000,6.7200,3.3600,3.3600,0.0000,0.3276,3.3600,35.7908,51132.0784,0.0000,9240.6990,1612.8000,403.2000,25000.0000,1000.0000,13875.3794,-88782.0424,643804.7809
base,28,3,160.0000,2340.0000,19.2000,6.7200,3.3600,3.3600,0.0000,0.3579,3.3600,38.7929,55632.2144,0.0000,10053.9733,1612.8000,403.2000,25000.0000,1000.0000,17562.2411,-71219.8013,697806.4131
base,29,3,160.0000,2500.0000,19.2000,6.7200,3.3600,3.3600,0.0000,0.3879,3.3600,41.7650,60087.3491,0.0000,10859.1148,1612.8000,403.2000,25000.0000,1000.0000,21212.2343,-50007.5670,751268.0290
base,30,3,160.0000,2660.0000,19.2000,6.7200,3.3600,3.3600,0.0000,0.4176,3.3600,44.7073,64497.9324,0.0000,11656.2049,1612.8000,403.2000,25000.0000,1000.0000,24825.7275,-25181.8395,804195.0287
base,31,3,160.0000,2820.0000,19.2000,6.7200,3.3600,3.3600,0.0000,0.4471,3.3600,47.6202,68864.4099,0.0000,12445.3241,1612.8000,403.2000,25000.0000,1000.0000,28403.0858,3221.2463,856592.7584
base,32,3,155.0000,2975.0000,18.6000,6.5100,3.2550,3.3600,0.0000,0.4762,3.3600,50.5040,73187.2226,0.0000,13226.5521,1612.8000,390.6000,25000.0000,1000.0000,31957.2705,35178.5168,908466.5108
base,33,3,0.0000,2975.0000,0.0000,0.0000,0.0000,3.3600,0.0000,0.5050,3.3600,53.3590,77466.8071,0.0000,13999.9678,1612.8000,0.0000,25000.0000,1000.0000,35854.0394,71032.5562,959821.5257
base,34,3,0.0000,2975.0000,0.0000,0.0000,0.0000,3.2550,0.0000,0.5336,3.2550,56.0804,81624.8984,0.0000,14751.4270,1562.4000,0.0000,25000.0000,1000.0000,39311.0714,110343.6276,1008774.2505
base,35,3,0.0000,2975.0000,0.0000,0.0000,0.0000,0.0000,0.0000,0.5608,0.0000,55.5196,83223.8757,0.0000,15040.3976,0.0000,0.0000,25000.0000,1000.0000,42183.4781,152527.1056,998686.5080
base,36,3,0.0000,2975.0000,0.0000,0.0000,0.0000,0.0000,0.0000,0.5552,0.0000,54.9644,82391.6369,0.0000,14889.9936,0.0000,0.0000,25000.0000,1000.0000,41501.6433,194028.7489,988699.6429
expansion,1,1,0.0000,0.0000,0.0000,0.0000,0.0000,0.0000,0.0000,0.0000,0.0000,0.0000,0.0000,0.0000,0.0000,0.0000,0.0000,22000.0000,1000.0000,-23000.0000,-23000.0000,0.0000
expansion,2,1,0.0000,0.0000,0.0000,0.0000,0.0000,0.0000,0.0000,0.0000,0.0000,0.0000,0.0000,0.0000,0.0000,0.0000,0.0000,22000.0000,1000.0000,-23000.0000,-46000.0000,0.0000
expansion,3,1,90.0000,90.0000,14.4000,6.4800,3.5640,0.0000,0.0000,0.0000,0.0000,0.0000,0.0000,0.0000,0.0000,0.0000,349.9200,22000.0000,1000.0000,-23349.9200,-69349.9200,0.0000
expansion,4,1,90.0000,180.0000,14.4000,6.4800,3.5640,0.0000,0.0000,0.0000,0.0000,0.0000,0.0000,0.0000,0.0000,0.0000,349.9200,22000.0000,1000.0000,-23349.9200,-92699.8400,0.0000
expansion,5,1,90.0000,270.0000,14.4000,6.4800,3.5640,3.5640,0.5640,0.0000,3.0000,3.0000,4498.5000,0.0000,485.1038,1440.0000,349.9200,22000.0000,1000.0000,-20776.5238,-113476.3638,107964.0000
expansion,6,1,90.0000,360.0000,14.4000,6.4800,3.5640,3.5640,1.1280,0.0225,3.0000,5.9775,13428.0225,0.0000,1448.0347,1440.0000,349.9200,22000.0000,1000.0000,-12809.9322,-126286.2959,215118.2700
expansion,7,1,90.0000,450.0000,14.4000,6.4800,3.5640,3.5640,1.6920,0.0448,3.0000,8.9327,22290.5736,0.0000,2403.7437,1440.0000,349.9200,22000.0000,1000.0000,-4903.0901,-131189.3860,321468.8830
expansion,8,1,90.0000,540.0000,14.4000,6.4800,3.5640,3.5640,2.2560,0.0670,3.0000,11.8657,31086.6555,0.0000,3352.2848,1440.0000,349.9200,22000.0000,1000.0000,2944.4507,-128244.9353,427021.8664
expansion,9,1,90.0000,630.0000,14.4000,6.4800,3.5640,3.5640,2.8200,0.0890,3.0000,14.7767,39816.7669,0.0000,4293.7119,1440.0000,349.9200,22000.0000,1000.0000,10733.1350,-117511.8003,531783.2024
expansion,10,1,90.0000,720.0000,14.4000,6.4800,3.5640,3.5640,3.3840,0.1108,3.0000,17.6659,48481.4024,0.0000,5228.0783,1440.0000,349.9200,22000.0000,1000.0000,18463.4041,-99048.3962,635758.8283
expansion,11,1,90.0000,810.0000,14.4000,6.4800,3.5640,3.5640,3.9480,0.1325,3.0000,20.5334,57081.0531,0.0000,6155.4369,1440.0000,349.9200,22000.0000,1000.0000,26135.6962,-72912.7000,738954.6371
expansion,12,1,90.0000,900.0000,14.4000,6.4800,3.5640,3.5640,4.5120,0.1540,3.0000,23.3794,65616.2064,0.0000,7075.8403,1440.0000,349.9200,22000.0000,1000.0000,33750.4461,-39162.2539,841376.4773
expansion,13,2,200.0000,1100.0000,32.0000,14.4000,7.9200,3.5640,2.0760,0.1753,6.0000,29.2040,78585.8461,0.0000,8474.4445,2880.0000,777.6000,40000.0000,1000.0000,25453.8016,-13708.4523,1050994.1538
expansion,14,2,200.0000,1300.0000,32.0000,14.4000,7.9200,3.5640,0.0000,0.2190,5.6400,34.6250,95383.1548,0.0000,10285.8122,2707.2000,777.6000,40000.0000,1000.0000,40612.5426,26904.0903,1246084.0176
expansion,15,2,200.0000,1500.0000,32.0000,14.4000,7.9200,7.9200,1.9200,0.2597,6.0000,40.3653,112058.5323,0.0000,12084.0312,2880.0000,777.6000,40000.0000,1000.0000,55316.9011,82220.9914,1452666.3875
expansion,16,2,200.0000,1700.0000,32.0000,14.4000,7.9200,7.9200,3.8400,0.3027,6.0000,46.0626,129144.6158,0.0000,13926.5394,2880.0000,777.6000,40000.0000,1000.0000,70560.4764,152781.4679,1657699.3896
expansion,17,2,200.0000,1900.0000,32.0000,14.4000,7.9200,7.9200,5.7600,0.3455,6.0000,51.7171,146102.5537,0.0000,15755.2288,2880.0000,777.6000,40000.0000,1000.0000,85689.7249,238471.1928,1861194.6442
expansion,18,2,200.0000,2100.0000,32.0000,14.4000,7.9200,7.9200,7.6800,0.3879,6.0000,57.3292,162933.3070,0.0000,17570.2030,2880.0000,777.6000,40000.0000,1000.0000,100705.5040,339176.6968,2063163.6843
expansion,19,2,200.0000,2300.0000,32.0000,14.4000,7.9200,7.9200,9.6000,0.4300,6.0000,62.8992,179637.8297,0.0000,19371.5649,2880.0000,777.6000,40000.0000,1000.0000,115608.6648,454785.3616,2263617.9567
expansion,20,2,200.0000,2500.0000,32.0000,14.4000,7.9200,7.9200,11.5200,0.4717,6.0000,68.4275,196217.0685,0.0000,21159.4166,2880.0000,777.6000,40000.0000,1000.0000,130400.0519,585185.4134,2462568.8220
expansion,21,2,200.0000,2700.0000,32.0000,14.4000,7.9200,7.9200,13.4400,0.5132,6.0000,73.9143,212671.9630,0.0000,22933.8595,2880.0000,777.6000,40000.0000,1000.0000,145080.5035,730265.9170,2660027.5558
expansion,22,2,200.0000,2900.0000,32.0000,14.4000,7.9200,7.9200,15.3600,0.5544,6.0000,79.3599,229003.4458,0.0000,24694.9940,2880.0000,777.6000,40000.0000,1000.0000,159650.8518,889916.7688,2856005.3492
expansion,23,2,75.0000,2975.0000,12.0000,5.4000,2.9700,7.9200,17.2800,0.5952,6.0000,84.7647,245212.4424,0.0000,26442.9199,2880.0000,291.6000,40000.0000,1000.0000,174597.9225,1064514.6912,3050513.3091
expansion,24,2,0.0000,2975.0000,0.0000,0.0000,0.0000,7.9200,19.2000,0.6357,6.0000,90.1290,261299.8716,0.0000,28177.7365,2880.0000,0.0000,40000.0000,1000.0000,189242.1351,1253756.8264,3243562.4592
expansion,25,3,0.0000,2975.0000,0.0000,0.0000,0.0000,2.9700,12.1700,0.6760,10.0000,99.4530,283264.6451,0.0000,30546.3469,4800.0000,0.0000,65000.0000,1000.0000,181918.2982,1435675.1245,3579115.7408
expansion,26,3,0.0000,2975.0000,0.0000,0.0000,0.0000,0.0000,2.1700,0.7459,10.0000,108.7071,311017.6977,0.0000,33539.1467,4800.0000,0.0000,65000.0000,1000.0000,206678.5510,1642353.6755,3912152.3727
expansion,27,3,0.0000,2975.0000,0.0000,0.0000,0.0000,0.0000,0.0000,0.8153,2.1700,110.0618,326821.5175,0.0000,35243.3797,1041.6000,0.0000,65000.0000,1000.0000,224536.5378,1866890.2133,3960905.1899
expansion,28,3,0.0000,2975.0000,0.0000,0.0000,0.0000,0.0000,0.0000,0.8255,0.0000,109.2364,327599.8668,0.0000,35327.3144,0.0000,0.0000,65000.0000,1000.0000,226272.5523,2093162.7656,3931198.4010
expansion,29,3,0.0000,2975.0000,0.0000,0.0000,0.0000,0.0000,0.0000,0.8193,0.0000,108.4171,325142.8678,0.0000,35062.3595,0.0000,0.0000,65000.0000,1000.0000,224080.5082,2317243.2738,3901714.4130
expansion,30,3,0.0000,2975.0000,0.0000,0.0000,0.0000,0.0000,0.0000,0.8131,0.0000,107.6040,322704.2962,0.0000,34799.3919,0.0000,0.0000,65000.0000,1000.0000,221904.9044,2539148.1782,3872451.5549
expansion,31,3,0.0000,2975.0000,0.0000,0.0000,0.0000,0.0000,0.0000,0.8070,0.0000,106.7969,320284.0140,0.0000,34538.3964,0.0000,0.0000,65000.0000,1000.0000,219745.6176,2758893.7958,3843408.1683
expansion,32,3,0.0000,2975.0000,0.0000,0.0000,0.0000,0.0000,0.0000,0.8010,0.0000,105.9960,317881.8839,0.0000,34279.3584,0.0000,0.0000,65000.0000,1000.0000,217602.5255,2976496.3213,3814582.6070
expansion,33,3,0.0000,2975.0000,0.0000,0.0000,0.0000,0.0000,0.0000,0.7950,0.0000,105.2010,315497.7698,0.0000,34022.2633,0.0000,0.0000,65000.0000,1000.0000,215475.5065,3191971.8279,3785973.2374
expansion,34,3,0.0000,2975.0000,0.0000,0.0000,0.0000,0.0000,0.0000,0.7890,0.0000,104.4120,313131.5365,0.0000,33767.0963,0.0000,0.0000,65000.0000,1000.0000,213364.4402,3405336.2681,3757578.4382
expansion,35,3,0.0000,2975.0000,0.0000,0.0000,0.0000,0.0000,0.0000,0.7831,0.0000,103.6289,310783.0500,0.0000,33513.8431,0.0000,0.0000,65000.0000,1000.0000,211269.2069,3616605.4750,3729396.5999
expansion,36,3,0.0000,2975.0000,0.0000,0.0000,0.0000,0.0000,0.0000,0.7772,0.0000,102.8517,308452.1771,0.0000,33262.4892,0.0000,0.0000,65000.0000,1000.0000,209189.6879,3825795.1629,3701426.1254
